{
	"type": "thermal:basalz",
	"name": "Basalz",
	"name_color": "#4C4A4A",
	"gui_scale": 1,
	"gui_x_offset": 0,
	"gui_y_offset": 0,
	"gui_z_offset": 0,
	"sim_cost": 256,
	"input": {
		"item": "hostilenetworks:empty_prediction"
	},
	"base_drop": {
		"item": "hostilenetworks:overworld_prediction"
	},
	"trivia": "Basalzes are hostile mobs found in mountainous and/or barren biomes. They drop basalz shards.",
	"fabricator_drops": [
		{
			"item": "thermal:basalz_rod",
			"count": 10
		}
	]
}